#nm,g,r,i,z,dich,g+dich,r+dich,i+dich,z+dich
350,9.68E-04,,,,,0.00E+00,0.00E+00,0.00E+00,0.00E+00
351,9.68E-04,,,,,0.00E+00,0.00E+00,0.00E+00,0.00E+00
352,9.68E-04,,,,,0.00E+00,0.00E+00,0.00E+00,0.00E+00
353,9.68E-04,,,,,0.00E+00,0.00E+00,0.00E+00,0.00E+00
354,9.68E-04,,,,,0.00E+00,0.00E+00,0.00E+00,0.00E+00
355,9.68E-04,,,,,0.00E+00,0.00E+00,0.00E+00,0.00E+00
356,9.68E-04,,,,,0.00E+00,0.00E+00,0.00E+00,0.00E+00
357,0.00193661,,,,,0.00E+00,0.00E+00,0.00E+00,0.00E+00
358,9.68E-04,,,,,0.00E+00,0.00E+00,0.00E+00,0.00E+00
359,0.00193699,,,,,0.00E+00,0.00E+00,0.00E+00,0.00E+00
360,0.00193706,,,,,0.00E+00,0.00E+00,0.00E+00,0.00E+00
361,0.00193714,,,,,0.00E+00,0.00E+00,0.00E+00,0.00E+00
362,9.69E-04,,,,,0.00E+00,0.00E+00,0.00E+00,0.00E+00
363,9.69E-04,,,,,0.00E+00,0.00E+00,0.00E+00,0.00E+00
364,9.69E-04,,,,,0.00E+00,0.00E+00,0.00E+00,0.00E+00
365,0.00193832,,,,,0.00E+00,0.00E+00,0.00E+00,0.00E+00
366,0.00193857,,,,,0.00E+00,0.00E+00,0.00E+00,0.00E+00
367,0.00193855,,,,,0.00E+00,0.00E+00,0.00E+00,0.00E+00
368,0.0019387,,,,,0.00E+00,0.00E+00,0.00E+00,0.00E+00
369,0.00290856,,,,,0.00E+00,0.00E+00,0.00E+00,0.00E+00
370,0.00873049,,,,,0.00E+00,0.00E+00,0.00E+00,0.00E+00
371,0.0165021,,,,,0.00E+00,0.00E+00,0.00E+00,0.00E+00
372,0.0155352,,,,,0.00E+00,0.00E+00,0.00E+00,0.00E+00
373,0.0155371,,,,,0.00E+00,0.00E+00,0.00E+00,0.00E+00
374,0.0155409,,,,,0.00E+00,0.00E+00,0.00E+00,0.00E+00
375,0.0165175,,,,,0.00E+00,0.00E+00,0.00E+00,0.00E+00
376,0.0165183,,,,,0.00E+00,0.00E+00,0.00E+00,0.00E+00
377,0.0165186,,,,,0.00E+00,0.00E+00,0.00E+00,0.00E+00
378,0.0165191,,,,,0.00E+00,0.00E+00,0.00E+00,0.00E+00
379,0.0165212,,,,,0.00E+00,0.00E+00,0.00E+00,0.00E+00
380,0.0165231,,,,,0.00E+00,0.00E+00,0.00E+00,0.00E+00
381,0.0174975,,,,,0.00E+00,0.00E+00,0.00E+00,0.00E+00
382,0.017501,,,,,0.00E+00,0.00E+00,0.00E+00,0.00E+00
383,0.018476,,,,,0.00E+00,0.00E+00,0.00E+00,0.00E+00
384,0.0184764,,,,,0.00E+00,0.00E+00,0.00E+00,0.00E+00
385,0.0194509,,,,,0.00E+00,0.00E+00,0.00E+00,0.00E+00
386,0.0213981,,,,,0.00E+00,0.00E+00,0.00E+00,0.00E+00
387,0.0243181,,,,,0.00E+00,0.00E+00,0.00E+00,0.00E+00
388,0.0428024,,,,,0.00E+00,0.00E+00,0.00E+00,0.00E+00
389,0.107978,,,,,0.00E+00,0.00E+00,0.00E+00,0.00E+00
390,0.197484,,,,,0.00E+00,0.00E+00,0.00E+00,0.00E+00
391,0.236427,,,,,0.00E+00,0.00E+00,0.00E+00,0.00E+00
392,0.230626,,,,,0.00E+00,0.00E+00,0.00E+00,0.00E+00
393,0.271541,,,,,0.00E+00,0.00E+00,0.00E+00,0.00E+00
394,0.377656,,,,,0.00E+00,0.00E+00,0.00E+00,0.00E+00
395,0.485777,,,,,0.00E+00,0.00E+00,0.00E+00,0.00E+00
396,0.607518,,,,,0.00E+00,0.00E+00,0.00E+00,0.00E+00
397,0.974674,,,,,0.00E+00,0.00E+00,0.00E+00,0.00E+00
398,2.47218,,,,,0.00E+00,0.00E+00,0.00E+00,0.00E+00
399,7.61434,,,,,0.00E+00,0.00E+00,0.00E+00,0.00E+00
400,19.6021,,,,55.03,1.08E+01,0.00E+00,0.00E+00,0.00E+00
401,38.6088,,,,57.7335,2.23E+01,0.00E+00,0.00E+00,0.00E+00
402,60.4369,,,,60.437,3.65E+01,0.00E+00,0.00E+00,0.00E+00
403,79.3001,,,,64.461,5.11E+01,0.00E+00,0.00E+00,0.00E+00
404,91.2036,,,,68.485,6.25E+01,0.00E+00,0.00E+00,0.00E+00
405,96.0238,,,,73.4695,7.05E+01,0.00E+00,0.00E+00,0.00E+00
406,97.0819,,,,78.454,7.62E+01,0.00E+00,0.00E+00,0.00E+00
407,97.6248,,,,79.369,7.75E+01,0.00E+00,0.00E+00,0.00E+00
408,98.3895,,,,80.284,7.90E+01,0.00E+00,0.00E+00,0.00E+00
409,98.8765,,,,80.6205,7.97E+01,0.00E+00,0.00E+00,0.00E+00
410,98.7429,,,,80.957,7.99E+01,0.00E+00,0.00E+00,0.00E+00
411,98.2146,,,,82.813,8.13E+01,0.00E+00,0.00E+00,0.00E+00
412,97.9113,,,,84.669,8.29E+01,0.00E+00,0.00E+00,0.00E+00
413,98.1031,,,,87.469,8.58E+01,0.00E+00,0.00E+00,0.00E+00
414,98.3301,,,,90.269,8.88E+01,0.00E+00,0.00E+00,0.00E+00
415,98.0366,,,,90.958,8.92E+01,0.00E+00,0.00E+00,0.00E+00
416,97.4471,,,,91.647,8.93E+01,0.00E+00,0.00E+00,0.00E+00
417,97.238,,,,91.853,8.93E+01,0.00E+00,0.00E+00,0.00E+00
418,97.6953,,,,92.059,8.99E+01,0.00E+00,0.00E+00,0.00E+00
419,98.3453,,,,93.0685,9.15E+01,0.00E+00,0.00E+00,0.00E+00
420,98.7008,,,,94.078,9.29E+01,0.00E+00,0.00E+00,0.00E+00
421,98.5848,,,,95.914,9.46E+01,0.00E+00,0.00E+00,0.00E+00
422,98.3995,,,,97.75,9.62E+01,0.00E+00,0.00E+00,0.00E+00
423,98.3283,,,,98.0175,9.64E+01,0.00E+00,0.00E+00,0.00E+00
424,98.301,,,,98.285,9.66E+01,0.00E+00,0.00E+00,0.00E+00
425,98.1851,,,,97.8805,9.61E+01,0.00E+00,0.00E+00,0.00E+00
426,98.0428,,,,97.476,9.56E+01,0.00E+00,0.00E+00,0.00E+00
427,98.0194,,,,97.314,9.54E+01,0.00E+00,0.00E+00,0.00E+00
428,98.1127,,,,97.152,9.53E+01,0.00E+00,0.00E+00,0.00E+00
429,98.1327,,,,97.354,9.55E+01,0.00E+00,0.00E+00,0.00E+00
430,97.9053,,,,97.556,9.55E+01,0.00E+00,0.00E+00,0.00E+00
431,97.5275,,,,98.081,9.57E+01,0.00E+00,0.00E+00,0.00E+00
432,97.3396,,,,98.606,9.60E+01,0.00E+00,0.00E+00,0.00E+00
433,97.5585,,,,98.8545,9.64E+01,0.00E+00,0.00E+00,0.00E+00
434,98.1533,,,,99.103,9.73E+01,0.00E+00,0.00E+00,0.00E+00
435,98.7817,,,,98.85,9.76E+01,0.00E+00,0.00E+00,0.00E+00
436,99.0726,,,,98.597,9.77E+01,0.00E+00,0.00E+00,0.00E+00
437,98.9448,,,,98.292,9.73E+01,0.00E+00,0.00E+00,0.00E+00
438,98.5865,,,,97.987,9.66E+01,0.00E+00,0.00E+00,0.00E+00
439,98.3229,,,,97.982,9.63E+01,0.00E+00,0.00E+00,0.00E+00
440,98.3238,,,,97.977,9.63E+01,0.00E+00,0.00E+00,0.00E+00
441,98.514,,,,98.2565,9.68E+01,0.00E+00,0.00E+00,0.00E+00
442,98.6809,,,,98.536,9.72E+01,0.00E+00,0.00E+00,0.00E+00
443,98.7003,,,,98.8925,9.76E+01,0.00E+00,0.00E+00,0.00E+00
444,98.5871,,,,99.249,9.78E+01,0.00E+00,0.00E+00,0.00E+00
445,98.5167,,,,99.2495,9.78E+01,0.00E+00,0.00E+00,0.00E+00
446,98.6192,,,,99.25,9.79E+01,0.00E+00,0.00E+00,0.00E+00
447,98.8908,,,,99.0135,9.79E+01,0.00E+00,0.00E+00,0.00E+00
448,99.1897,,,,98.777,9.80E+01,0.00E+00,0.00E+00,0.00E+00
449,99.3674,,,,98.6725,9.80E+01,0.00E+00,0.00E+00,0.00E+00
450,99.3333,0.00292843,,,98.568,9.79E+01,2.89E-03,0.00E+00,0.00E+00
451,99.1401,0.00292809,,,98.6685,9.78E+01,2.89E-03,0.00E+00,0.00E+00
452,98.8893,0.00292797,,,98.769,9.77E+01,2.89E-03,0.00E+00,0.00E+00
453,98.6678,0.00292791,,,99.0435,9.77E+01,2.90E-03,0.00E+00,0.00E+00
454,98.5077,0.00292794,,,99.318,9.78E+01,2.91E-03,0.00E+00,0.00E+00
455,98.4205,0.00292857,,,99.512,9.79E+01,2.91E-03,0.00E+00,0.00E+00
456,98.3793,0.00292892,,,99.706,9.81E+01,2.92E-03,0.00E+00,0.00E+00
457,98.3881,0.00292897,,,99.726,9.81E+01,2.92E-03,0.00E+00,0.00E+00
458,98.4544,0.00292912,,,99.746,9.82E+01,2.92E-03,0.00E+00,0.00E+00
459,98.5421,0.00292949,,,99.664,9.82E+01,2.92E-03,0.00E+00,0.00E+00
460,98.6219,0.00293,,,99.582,9.82E+01,2.92E-03,0.00E+00,0.00E+00
461,98.6402,0.00390751,,,99.4285,9.81E+01,3.89E-03,0.00E+00,0.00E+00
462,98.5816,0.00390759,,,99.275,9.79E+01,3.88E-03,0.00E+00,0.00E+00
463,98.5138,0.00293129,,,99.1845,9.77E+01,2.91E-03,0.00E+00,0.00E+00
464,98.4648,0.00390888,,,99.094,9.76E+01,3.87E-03,0.00E+00,0.00E+00
465,98.4549,0.00390919,,,99.1225,9.76E+01,3.87E-03,0.00E+00,0.00E+00
466,98.4842,0.00390915,,,99.151,9.76E+01,3.88E-03,0.00E+00,0.00E+00
467,98.534,0.0039093,,,99.264,9.78E+01,3.88E-03,0.00E+00,0.00E+00
468,98.5992,0.00390999,,,99.377,9.80E+01,3.89E-03,0.00E+00,0.00E+00
469,98.6538,0.00391068,,,99.417,9.81E+01,3.89E-03,0.00E+00,0.00E+00
470,98.6829,0.00391129,,,99.457,9.81E+01,3.89E-03,0.00E+00,0.00E+00
471,98.6817,0.00391183,,,99.353,9.80E+01,3.89E-03,0.00E+00,0.00E+00
472,98.6553,0.00391194,,,99.249,9.79E+01,3.88E-03,0.00E+00,0.00E+00
473,98.5995,0.00391202,,,99.061,9.77E+01,3.88E-03,0.00E+00,0.00E+00
474,98.5691,0.00391221,,,98.873,9.75E+01,3.87E-03,0.00E+00,0.00E+00
475,98.5815,0.00391317,,,98.8345,9.74E+01,3.87E-03,0.00E+00,0.00E+00
476,98.6262,0.00391405,,,98.796,9.74E+01,3.87E-03,0.00E+00,0.00E+00
477,98.6535,0.00391435,,,98.91,9.76E+01,3.87E-03,0.00E+00,0.00E+00
478,98.6574,0.00391435,,,99.024,9.77E+01,3.88E-03,0.00E+00,0.00E+00
479,98.629,0.00391443,,,99.236,9.79E+01,3.88E-03,0.00E+00,0.00E+00
480,98.6063,0.00391497,,,99.448,9.81E+01,3.89E-03,0.00E+00,0.00E+00
481,98.5807,0.00391543,,,99.573,9.82E+01,3.90E-03,0.00E+00,0.00E+00
482,98.5678,0.0039157,,,99.698,9.83E+01,3.90E-03,0.00E+00,0.00E+00
483,98.5863,0.00391593,,,99.6925,9.83E+01,3.90E-03,0.00E+00,0.00E+00
484,98.5883,0.00391589,,,99.687,9.83E+01,3.90E-03,0.00E+00,0.00E+00
485,98.5695,0.00391635,,,99.6455,9.82E+01,3.90E-03,0.00E+00,0.00E+00
486,98.4805,0.00391631,,,99.604,9.81E+01,3.90E-03,0.00E+00,0.00E+00
487,98.3561,0.00391631,,,99.6035,9.80E+01,3.90E-03,0.00E+00,0.00E+00
488,98.2173,0.00391593,,,99.603,9.78E+01,3.90E-03,0.00E+00,0.00E+00
489,98.1389,0.00391604,,,99.65,9.78E+01,3.90E-03,0.00E+00,0.00E+00
490,98.1565,0.00391612,,,99.697,9.79E+01,3.90E-03,0.00E+00,0.00E+00
491,98.2638,0.00391704,,,99.771,9.80E+01,3.91E-03,0.00E+00,0.00E+00
492,98.3779,0.00391807,,,99.845,9.82E+01,3.91E-03,0.00E+00,0.00E+00
493,98.3907,0.00391803,,,99.891,9.83E+01,3.91E-03,0.00E+00,0.00E+00
494,98.2959,0.0039175,,,99.937,9.82E+01,3.92E-03,0.00E+00,0.00E+00
495,98.1501,0.00391723,,,99.9505,9.81E+01,3.92E-03,0.00E+00,0.00E+00
496,98.0244,0.00391788,,,99.964,9.80E+01,3.92E-03,0.00E+00,0.00E+00
497,98.0172,0.00391857,,,99.968,9.80E+01,3.92E-03,0.00E+00,0.00E+00
498,98.1465,0.00391865,,,99.972,9.81E+01,3.92E-03,0.00E+00,0.00E+00
499,98.3955,0.00489783,,,99.9715,9.84E+01,4.90E-03,0.00E+00,0.00E+00
500,98.6923,0.00489759,,,99.971,9.87E+01,4.90E-03,0.00E+00,0.00E+00
501,98.9469,0.00489836,,,99.967,9.89E+01,4.90E-03,0.00E+00,0.00E+00
502,99.0497,0.0205735,,,99.963,9.90E+01,2.06E-02,0.00E+00,0.00E+00
503,99.031,0.067606,,,99.954,9.90E+01,6.76E-02,0.00E+00,0.00E+00
504,98.93,0.10778,,,99.945,9.89E+01,1.08E-01,0.00E+00,0.00E+00
505,98.8418,0.0891685,,,99.9355,9.88E+01,8.91E-02,0.00E+00,0.00E+00
506,98.8036,0.0372348,,,99.926,9.87E+01,3.72E-02,0.00E+00,0.00E+00
507,98.7937,0.00979912,,,99.924,9.87E+01,9.79E-03,0.00E+00,0.00E+00
508,98.7632,0.00686012,,,99.922,9.87E+01,6.85E-03,0.00E+00,0.00E+00
509,98.6397,0.00686012,,,99.9285,9.86E+01,6.86E-03,0.00E+00,0.00E+00
510,98.4271,0.00685979,,,99.935,9.84E+01,6.86E-03,0.00E+00,0.00E+00
511,98.1743,0.00685972,,,99.946,9.81E+01,6.86E-03,0.00E+00,0.00E+00
512,97.9743,0.00686006,,,99.957,9.79E+01,6.86E-03,0.00E+00,0.00E+00
513,97.9035,0.00686086,,,99.965,9.79E+01,6.86E-03,0.00E+00,0.00E+00
514,97.9837,0.00588137,,,99.973,9.80E+01,5.88E-03,0.00E+00,0.00E+00
515,98.161,0.0058816,,,99.9765,9.81E+01,5.88E-03,0.00E+00,0.00E+00
516,98.364,0.00588126,,,99.98,9.83E+01,5.88E-03,0.00E+00,0.00E+00
517,98.4904,0.00686167,,,99.981,9.85E+01,6.86E-03,0.00E+00,0.00E+00
518,98.4806,0.00686194,,,99.982,9.85E+01,6.86E-03,0.00E+00,0.00E+00
519,98.3433,0.00784221,,,99.9815,9.83E+01,7.84E-03,0.00E+00,0.00E+00
520,98.1777,0.00980238,,,99.981,9.82E+01,9.80E-03,0.00E+00,0.00E+00
521,98.0073,0.0137227,,,99.975,9.80E+01,1.37E-02,0.00E+00,0.00E+00
522,97.9719,0.0137232,,,99.969,9.79E+01,1.37E-02,0.00E+00,0.00E+00
523,98.071,0.0147031,,,99.9605,9.80E+01,1.47E-02,0.00E+00,0.00E+00
524,98.2747,0.0156843,,,99.952,9.82E+01,1.57E-02,0.00E+00,0.00E+00
525,98.463,0.0166644,,,99.9405,9.84E+01,1.67E-02,0.00E+00,0.00E+00
526,98.552,0.0186271,,,99.929,9.85E+01,1.86E-02,0.00E+00,0.00E+00
527,98.5018,0.0215705,,,99.9225,9.84E+01,2.16E-02,0.00E+00,0.00E+00
528,98.3498,0.026474,,,99.916,9.83E+01,2.65E-02,0.00E+00,0.00E+00
529,98.1655,0.0343168,,,99.92,9.81E+01,3.43E-02,0.00E+00,0.00E+00
530,98.0488,0.0460834,,,99.924,9.80E+01,4.60E-02,0.00E+00,0.00E+00
531,98.0665,0.0637324,,,99.935,9.80E+01,6.37E-02,0.00E+00,0.00E+00
532,98.2272,0.0862855,,,99.946,9.82E+01,8.62E-02,0.00E+00,0.00E+00
533,98.4566,0.113743,,,99.9565,9.84E+01,1.14E-01,0.00E+00,0.00E+00
534,98.6839,0.14612,,,99.967,9.87E+01,1.46E-01,0.00E+00,0.00E+00
535,98.8065,0.183389,,,99.972,9.88E+01,1.83E-01,0.00E+00,0.00E+00
536,98.7898,0.226535,,,99.977,9.88E+01,2.26E-01,0.00E+00,0.00E+00
537,98.6448,0.282425,,,99.979,9.86E+01,2.82E-01,0.00E+00,0.00E+00
538,98.4427,0.354999,,,99.981,9.84E+01,3.55E-01,0.00E+00,0.00E+00
539,98.2516,0.454002,,,99.9815,9.82E+01,4.54E-01,0.00E+00,0.00E+00
540,98.1585,0.586384,,,99.982,9.81E+01,5.86E-01,0.00E+00,0.00E+00
541,98.1574,0.763898,,,99.981,9.81E+01,7.64E-01,0.00E+00,0.00E+00
542,98.216,1.00035,,,99.98,9.82E+01,1.00E+00,0.00E+00,0.00E+00
543,98.2729,1.31717,,,99.978,9.83E+01,1.32E+00,0.00E+00,0.00E+00
544,98.2719,1.7507,,,99.976,9.82E+01,1.75E+00,0.00E+00,0.00E+00
545,98.0726,2.36491,,,99.971,9.80E+01,2.36E+00,0.00E+00,0.00E+00
546,97.2711,3.2753,,,99.966,9.72E+01,3.27E+00,0.00E+00,0.00E+00
547,95.0126,4.69109,,,99.9545,9.50E+01,4.69E+00,0.00E+00,0.00E+00
548,89.9727,7.00496,,,99.943,8.99E+01,7.00E+00,0.00E+00,0.00E+00
549,80.9184,10.9245,,,99.918,8.09E+01,1.09E+01,0.00E+00,0.00E+00
550,67.7644,17.6045,,,99.893,6.77E+01,1.76E+01,0.00E+00,0.00E+00
551,52.2611,28.4344,,,99.846,5.22E+01,2.84E+01,0.00E+00,0.00E+00
552,37.2106,44.0104,,,99.799,3.71E+01,4.39E+01,0.00E+00,0.00E+00
553,24.859,62.4226,,,99.7375,2.48E+01,6.23E+01,0.00E+00,0.00E+00
554,15.9696,79.3056,,,99.676,1.59E+01,7.90E+01,0.00E+00,0.00E+00
555,10.1075,90.7381,,,99.634,1.01E+01,9.04E+01,0.00E+00,0.00E+00
556,6.42044,96.133,,,99.592,6.39E+00,9.57E+01,0.00E+00,0.00E+00
557,4.13683,97.7477,,,99.59,4.12E+00,9.73E+01,0.00E+00,0.00E+00
558,2.72055,98.0378,,,99.588,2.71E+00,9.76E+01,0.00E+00,0.00E+00
559,1.82764,98.14,,,99.62,1.82E+00,9.78E+01,0.00E+00,0.00E+00
560,1.25782,98.3095,,,99.652,1.25E+00,9.80E+01,0.00E+00,0.00E+00
561,0.885937,98.3939,,,99.6865,8.83E-01,9.81E+01,0.00E+00,0.00E+00
562,0.639749,98.3692,,,99.721,6.38E-01,9.81E+01,0.00E+00,0.00E+00
563,0.473022,98.2767,,,99.734,4.72E-01,9.80E+01,0.00E+00,0.00E+00
564,0.358187,98.1924,,,99.747,3.57E-01,9.79E+01,0.00E+00,0.00E+00
565,0.277723,98.209,,,99.737,2.77E-01,9.80E+01,0.00E+00,0.00E+00
566,0.220803,98.2934,,,99.727,2.20E-01,9.80E+01,0.00E+00,0.00E+00
567,0.180589,98.4228,,,99.693,1.80E-01,9.81E+01,0.00E+00,0.00E+00
568,0.150159,98.4984,,,99.659,1.50E-01,9.82E+01,0.00E+00,0.00E+00
569,0.128565,98.4837,,,99.596,1.28E-01,9.81E+01,0.00E+00,0.00E+00
570,0.112871,98.3835,,,99.533,1.12E-01,9.79E+01,0.00E+00,0.00E+00
571,0.101097,98.2666,,,99.439,1.01E-01,9.77E+01,0.00E+00,0.00E+00
572,0.0922582,98.1696,,,99.345,9.17E-02,9.75E+01,0.00E+00,0.00E+00
573,0.086371,98.1469,,,99.25,8.57E-02,9.74E+01,0.00E+00,0.00E+00
574,0.0824499,98.2077,,,99.155,8.18E-02,9.74E+01,0.00E+00,0.00E+00
575,0.0804829,98.3138,,,99.1315,7.98E-02,9.75E+01,0.00E+00,0.00E+00
576,0.0804892,98.4462,,,99.108,7.98E-02,9.76E+01,0.00E+00,0.00E+00
577,0.0814796,98.551,,,99.182,8.08E-02,9.77E+01,0.00E+00,0.00E+00
578,0.0844313,98.6138,,,99.256,8.38E-02,9.79E+01,0.00E+00,0.00E+00
579,0.0893295,98.6021,,,99.389,8.88E-02,9.80E+01,0.00E+00,0.00E+00
580,0.0962029,98.5795,,,99.522,9.57E-02,9.81E+01,0.00E+00,0.00E+00
581,0.104059,98.5658,,,99.636,1.04E-01,9.82E+01,0.00E+00,0.00E+00
582,0.11486,98.5736,,,99.75,1.15E-01,9.83E+01,0.00E+00,0.00E+00
583,0.128598,98.5943,,,99.8095,1.28E-01,9.84E+01,0.00E+00,0.00E+00
584,0.147239,98.6356,,,99.869,1.47E-01,9.85E+01,0.00E+00,0.00E+00
585,0.170799,98.6974,,,99.8955,1.71E-01,9.86E+01,0.00E+00,0.00E+00
586,0.204192,98.7572,,,99.922,2.04E-01,9.87E+01,0.00E+00,0.00E+00
587,0.252315,98.8081,,,99.935,2.52E-01,9.87E+01,0.00E+00,0.00E+00
588,0.31713,98.8336,,,99.948,3.17E-01,9.88E+01,0.00E+00,0.00E+00
589,0.386851,98.8385,,,99.955,3.87E-01,9.88E+01,0.00E+00,0.00E+00
590,0.421228,98.8365,,,99.962,4.21E-01,9.88E+01,0.00E+00,0.00E+00
591,0.383879,98.813,,,99.9665,3.84E-01,9.88E+01,0.00E+00,0.00E+00
592,0.287672,98.7904,,,99.971,2.88E-01,9.88E+01,0.00E+00,0.00E+00
593,0.182623,98.7904,,,99.9735,1.83E-01,9.88E+01,0.00E+00,0.00E+00
594,0.10702,98.7855,,,99.976,1.07E-01,9.88E+01,0.00E+00,0.00E+00
595,0.064805,98.7805,,,99.9775,6.48E-02,9.88E+01,0.00E+00,0.00E+00
596,0.0412395,98.7717,,,99.979,4.12E-02,9.88E+01,0.00E+00,0.00E+00
597,0.0284774,98.7578,,,99.9795,2.85E-02,9.87E+01,0.00E+00,0.00E+00
598,0.0216034,98.7382,,,99.98,2.16E-02,9.87E+01,0.00E+00,0.00E+00
599,0.016694,98.7126,,,99.98,1.67E-02,9.87E+01,0.00E+00,0.00E+00
600,0.0147294,98.691,0.00589177,,99.98,1.47E-02,9.87E+01,5.89E-03,0.00E+00
601,0.0127673,98.7027,0.00491048,,99.9795,1.28E-02,9.87E+01,4.91E-03,0.00E+00
602,0.0108031,98.7243,0.00491048,,99.979,1.08E-02,9.87E+01,4.91E-03,0.00E+00
603,0.00982067,98.742,0.00392827,,99.978,9.82E-03,9.87E+01,3.93E-03,0.00E+00
604,0.00982067,98.7685,0.00392827,,99.977,9.82E-03,9.87E+01,3.93E-03,0.00E+00
605,0.00883783,98.7853,0.00392792,,99.9755,8.84E-03,9.88E+01,3.93E-03,0.00E+00
606,0.00883739,98.806,0.00392773,,99.974,8.84E-03,9.88E+01,3.93E-03,0.00E+00
607,0.00785515,98.8158,0.00392758,,99.971,7.85E-03,9.88E+01,3.93E-03,0.00E+00
608,0.00785615,98.852,0.00392808,,99.968,7.85E-03,9.88E+01,3.93E-03,0.00E+00
609,0.00785677,98.8814,0.00392839,,99.963,7.85E-03,9.88E+01,3.93E-03,0.00E+00
610,0.00785747,98.9147,0.00392873,,99.958,7.85E-03,9.89E+01,3.93E-03,0.00E+00
611,0.00785669,98.9374,0.00392835,,99.95,7.85E-03,9.89E+01,3.93E-03,0.00E+00
612,0.00785631,98.9531,0.00392815,,99.942,7.85E-03,9.89E+01,3.93E-03,0.00E+00
613,0.00785685,98.9786,0.00392842,,99.932,7.85E-03,9.89E+01,3.93E-03,0.00E+00
614,0.00785801,99.0178,0.003929,,99.922,7.85E-03,9.89E+01,3.93E-03,0.00E+00
615,0.00785901,99.0363,0.0039295,,99.911,7.85E-03,9.89E+01,3.93E-03,0.00E+00
616,0.00785855,99.0304,0.00392927,,99.9,7.85E-03,9.89E+01,3.93E-03,0.00E+00
617,0.00884008,99.0129,0.00491116,,99.8915,8.83E-03,9.89E+01,4.91E-03,0.00E+00
618,0.00884034,98.9922,0.0049113,,99.883,8.83E-03,9.89E+01,4.91E-03,0.00E+00
619,0.00982318,98.9823,0.00589391,,99.881,9.81E-03,9.89E+01,5.89E-03,0.00E+00
620,0.0108054,98.9705,0.00589385,,99.879,1.08E-02,9.89E+01,5.89E-03,0.00E+00
621,0.0117875,98.9598,0.00687603,,99.884,1.18E-02,9.88E+01,6.87E-03,0.00E+00
622,0.0127708,98.942,0.00785893,,99.889,1.28E-02,9.88E+01,7.85E-03,0.00E+00
623,0.0147358,98.9096,0.00884147,,99.8995,1.47E-02,9.88E+01,8.83E-03,0.00E+00
624,0.0167027,98.8888,0.00982511,,99.91,1.67E-02,9.88E+01,9.82E-03,0.00E+00
625,0.01965,98.8583,0.01179,,99.9205,1.96E-02,9.88E+01,1.18E-02,0.00E+00
626,0.0245625,98.8279,0.0127725,,99.931,2.45E-02,9.88E+01,1.28E-02,0.00E+00
627,0.0314404,98.8121,0.0137552,,99.939,3.14E-02,9.88E+01,1.37E-02,0.00E+00
628,0.0432309,98.8072,0.0157203,,99.947,4.32E-02,9.88E+01,1.57E-02,0.00E+00
629,0.0687731,98.8132,0.0176845,,99.953,6.87E-02,9.88E+01,1.77E-02,0.00E+00
630,0.123781,98.8369,0.0196477,,99.959,1.24E-01,9.88E+01,1.96E-02,0.00E+00
631,0.209267,98.8869,0.0216144,,99.9625,2.09E-01,9.88E+01,2.16E-02,0.00E+00
632,0.269195,98.9291,0.0216142,,99.966,2.69E-01,9.89E+01,2.16E-02,0.00E+00
633,0.244653,98.9605,0.0206333,,99.968,2.45E-01,9.89E+01,2.06E-02,0.00E+00
634,0.157202,98.9703,0.0186677,,99.97,1.57E-01,9.89E+01,1.87E-02,0.00E+00
635,0.079592,98.9791,0.0167045,,99.9715,7.96E-02,9.90E+01,1.67E-02,0.00E+00
636,0.0412675,98.9418,0.0147384,,99.973,4.13E-02,9.89E+01,1.47E-02,0.00E+00
637,0.0255483,98.9171,0.0127742,,99.974,2.55E-02,9.89E+01,1.28E-02,0.00E+00
638,0.0186703,98.8926,0.0117918,,99.975,1.87E-02,9.89E+01,1.18E-02,0.00E+00
639,0.01474,98.8857,0.0108093,,99.976,1.47E-02,9.89E+01,1.08E-02,0.00E+00
640,0.0117923,98.8827,0.00982695,,99.977,1.18E-02,9.89E+01,9.82E-03,0.00E+00
641,0.0108094,98.8984,0.00982675,,99.977,1.08E-02,9.89E+01,9.82E-03,0.00E+00
642,0.00884538,98.9484,0.0098282,,99.977,8.84E-03,9.89E+01,9.83E-03,0.00E+00
643,0.00884556,98.9867,0.0098284,,99.977,8.84E-03,9.90E+01,9.83E-03,0.00E+00
644,0.00786218,99.0163,0.00982772,,99.977,7.86E-03,9.90E+01,9.83E-03,0.00E+00
645,0.00786202,99.032,0.0108103,,99.9765,7.86E-03,9.90E+01,1.08E-02,0.00E+00
646,0.00786179,99.0242,0.0117927,,99.976,7.86E-03,9.90E+01,1.18E-02,0.00E+00
647,0.0078621,99.0025,0.0117931,,99.9755,7.86E-03,9.90E+01,1.18E-02,0.00E+00
648,0.00786264,98.97,0.0127768,,99.975,7.86E-03,9.89E+01,1.28E-02,0.00E+00
649,0.0078631,98.9326,0.0147433,,99.974,7.86E-03,9.89E+01,1.47E-02,0.00E+00
650,0.00884521,98.8934,0.0157248,,99.973,8.84E-03,9.89E+01,1.57E-02,0.00E+00
651,0.00982762,98.8806,0.0176897,,99.9715,9.82E-03,9.89E+01,1.77E-02,0.00E+00
652,0.0117929,98.9052,0.0196549,,99.97,1.18E-02,9.89E+01,1.96E-02,0.00E+00
653,0.0137588,98.9691,0.021621,,99.9675,1.38E-02,9.89E+01,2.16E-02,0.00E+00
654,0.0206384,99.0251,0.0235868,,99.965,2.06E-02,9.90E+01,2.36E-02,0.00E+00
655,0.0402976,99.081,0.0255546,,99.9615,4.03E-02,9.90E+01,2.55E-02,0.00E+00
656,0.132692,99.1056,0.0285043,,99.958,1.33E-01,9.91E+01,2.85E-02,0.00E+00
657,0.307653,99.0593,0.0294875,,99.953,3.08E-01,9.90E+01,2.95E-02,0.00E+00
658,0.403967,98.9542,0.0314524,,99.948,4.04E-01,9.89E+01,3.14E-02,0.00E+00
659,0.299763,98.7911,0.0334162,,99.9405,3.00E-01,9.87E+01,3.34E-02,0.00E+00
660,0.123832,98.63,0.0353805,,99.933,1.24E-01,9.86E+01,3.54E-02,0.00E+00
661,0.0334162,98.4953,0.0383304,,99.92,3.34E-02,9.84E+01,3.83E-02,0.00E+00
662,0.0157267,98.4283,0.0422654,,99.907,1.57E-02,9.83E+01,4.22E-02,0.00E+00
663,0.00982917,98.4283,0.04718,,99.884,9.82E-03,9.83E+01,4.71E-02,0.00E+00
664,0.00786411,98.5275,0.0540657,,99.861,7.85E-03,9.84E+01,5.40E-02,0.00E+00
665,0.00688157,98.6827,0.0629172,,99.823,6.87E-03,9.85E+01,6.28E-02,0.00E+00
666,0.0058986,98.8517,0.0756987,,99.785,5.89E-03,9.86E+01,7.55E-02,0.00E+00
667,0.00589802,98.9964,0.0933854,,99.725,5.88E-03,9.87E+01,9.31E-02,0.00E+00
668,0.00491497,99.0878,0.119925,,99.665,4.90E-03,9.88E+01,1.20E-01,0.00E+00
669,0.00491512,99.0809,0.15925,,99.5705,4.89E-03,9.87E+01,1.59E-01,0.00E+00
670,0.00491536,98.9727,0.220208,,99.476,4.89E-03,9.85E+01,2.19E-01,0.00E+00
671,0.00491512,98.8096,0.319483,,99.326,4.88E-03,9.81E+01,3.17E-01,0.00E+00
672,0.00491507,98.6297,0.488558,,99.176,4.87E-03,9.78E+01,4.85E-01,0.00E+00
673,0.00393232,98.4998,0.79433,,98.9785,3.89E-03,9.75E+01,7.86E-01,0.00E+00
674,0.0039324,98.4477,1.38224,,98.781,3.88E-03,9.72E+01,1.37E+00,0.00E+00
675,0.00393252,98.5115,2.56302,,98.615,3.88E-03,9.71E+01,2.53E+00,0.00E+00
676,0.00393287,98.6668,4.86889,,98.449,3.87E-03,9.71E+01,4.79E+00,0.00E+00
677,0.00393298,98.8289,8.69779,,98.4045,3.87E-03,9.73E+01,8.56E+00,0.00E+00
678,0.00393298,98.8909,13.3574,,98.36,3.87E-03,9.73E+01,1.31E+01,0.00E+00
679,0.00393306,98.7778,16.9436,,98.45,3.87E-03,9.72E+01,1.67E+01,0.00E+00
680,0.0039336,98.4541,18.0936,,98.54,3.88E-03,9.70E+01,1.78E+01,0.00E+00
681,0.00295081,97.9836,17.396,,98.6955,2.91E-03,9.67E+01,1.72E+01,0.00E+00
682,0.00295148,97.5031,16.4614,,98.851,2.92E-03,9.64E+01,1.63E+01,0.00E+00
683,0.00295191,97.2104,16.3438,,98.988,2.92E-03,9.62E+01,1.62E+01,0.00E+00
684,0.00295241,97.2887,17.3838,,99.125,2.93E-03,9.64E+01,1.72E+01,0.00E+00
685,0.00295284,97.7578,19.7427,,99.2245,2.93E-03,9.70E+01,1.96E+01,0.00E+00
686,0.00295351,98.2505,23.6891,,99.324,2.93E-03,9.76E+01,2.35E+01,0.00E+00
687,0.00295412,97.8484,29.6269,,99.395,2.94E-03,9.73E+01,2.94E+01,0.00E+00
688,0.00295444,95.1104,37.9478,,99.466,2.94E-03,9.46E+01,3.77E+01,0.00E+00
689,0.00295488,88.6946,48.7634,,99.52,2.94E-03,8.83E+01,4.85E+01,0.00E+00
690,0.00295511,78.2602,61.4072,,99.574,2.94E-03,7.79E+01,6.11E+01,0.00E+00
691,0.00394096,65.0515,74.2951,,99.6175,3.93E-03,6.48E+01,7.40E+01,0.00E+00
692,0.00394116,51.3099,85.3369,,99.661,3.93E-03,5.11E+01,8.50E+01,0.00E+00
693,0.00394116,39.0924,93.0419,,99.697,3.93E-03,3.90E+01,9.28E+01,0.00E+00
694,0.00394151,29.4372,97.1986,,99.733,3.93E-03,2.94E+01,9.69E+01,0.00E+00
695,0.0039417,22.3761,98.7111,,99.7615,3.93E-03,2.23E+01,9.85E+01,0.00E+00
696,0.0049263,17.4519,98.8403,,99.79,4.92E-03,1.74E+01,9.86E+01,0.00E+00
697,0.00492567,14.114,98.5962,,99.813,4.92E-03,1.41E+01,9.84E+01,0.00E+00
698,0.00492504,11.9068,98.4851,,99.836,4.92E-03,1.19E+01,9.83E+01,0.00E+00
699,0.00492451,10.4941,98.6064,,99.853,4.92E-03,1.05E+01,9.85E+01,0.00E+00
700,0.00492393,9.61347,98.8793,0.0068935,99.87,4.92E-03,9.60E+00,9.88E+01,6.88E-03
701,0.00492291,9.00301,99.1582,0.00689207,99.8825,4.92E-03,8.99E+00,9.90E+01,6.88E-03
702,0.00590621,8.35925,99.3178,0.00689058,99.895,5.90E-03,8.35E+00,9.92E+01,6.88E-03
703,0.00590592,7.37551,99.3533,0.00590592,99.9045,5.90E-03,7.37E+00,9.93E+01,5.90E-03
704,0.0059047,5.9539,99.2727,0.0059047,99.914,5.90E-03,5.95E+00,9.92E+01,5.90E-03
705,0.00590383,4.31767,99.1646,0.00491986,99.921,5.90E-03,4.31E+00,9.91E+01,4.92E-03
706,0.00590208,2.84185,99.0448,0.00393472,99.928,5.90E-03,2.84E+00,9.90E+01,3.93E-03
707,0.00590174,1.7597,99.0085,0.00393449,99.9335,5.90E-03,1.76E+00,9.89E+01,3.93E-03
708,0.00688489,1.07011,99.0499,0.00393422,99.939,6.88E-03,1.07E+00,9.90E+01,3.93E-03
709,0.00688428,0.661874,99.1572,0.0029504,99.9435,6.88E-03,6.62E-01,9.91E+01,2.95E-03
710,0.00786643,0.424787,99.295,0.00294991,99.948,7.86E-03,4.25E-01,9.92E+01,2.95E-03
711,0.00884973,0.284175,99.4307,0.00294991,99.951,8.85E-03,2.84E-01,9.94E+01,2.95E-03
712,0.0108153,0.199591,99.5054,0.00294962,99.954,1.08E-02,1.99E-01,9.95E+01,2.95E-03
713,0.0137649,0.145515,99.529,0.00294962,99.956,1.38E-02,1.45E-01,9.95E+01,2.95E-03
714,0.0206453,0.110108,99.4888,0.00294933,99.958,2.06E-02,1.10E-01,9.94E+01,2.95E-03
715,0.0373549,0.0874891,99.3954,0.00196605,99.9595,3.73E-02,8.75E-02,9.94E+01,1.97E-03
716,0.0796077,0.0707624,99.2717,0.00196562,99.961,7.96E-02,7.07E-02,9.92E+01,1.96E-03
717,0.139556,0.0599503,99.1833,0.00196558,99.9625,1.40E-01,5.99E-02,9.91E+01,1.96E-03
718,0.168054,0.0511041,99.1312,0.00196554,99.964,1.68E-01,5.11E-02,9.91E+01,1.96E-03
719,0.134631,0.0452044,99.1106,0.00196541,99.9655,1.35E-01,4.52E-02,9.91E+01,1.96E-03
720,0.0766434,0.0412695,99.1294,0.00196522,99.967,7.66E-02,4.13E-02,9.91E+01,1.96E-03
721,0.0383168,0.0373343,99.1826,0.00196496,99.9685,3.83E-02,3.73E-02,9.92E+01,1.96E-03
722,0.0225962,0.0343855,99.274,0.00196489,99.97,2.26E-02,3.44E-02,9.92E+01,1.96E-03
723,0.0166997,0.0324171,99.3467,0.00196468,99.9705,1.67E-02,3.24E-02,9.93E+01,1.96E-03
724,0.0137534,0.0314363,99.4214,0.00196477,99.971,1.37E-02,3.14E-02,9.94E+01,1.96E-03
725,0.0117891,0.0294727,99.4734,0.00196485,99.971,1.18E-02,2.95E-02,9.94E+01,1.96E-03
726,0.0108062,0.0284892,99.5019,0.00196477,99.971,1.08E-02,2.85E-02,9.95E+01,1.96E-03
727,0.00982222,0.0275022,99.4784,0.00196444,99.9705,9.82E-03,2.75E-02,9.94E+01,1.96E-03
728,0.00982193,0.0265192,99.4568,0.00196439,99.97,9.82E-03,2.65E-02,9.94E+01,1.96E-03
729,0.00883956,0.0265187,99.4264,0.00196435,99.9705,8.84E-03,2.65E-02,9.94E+01,1.96E-03
730,0.00884008,0.025538,99.4018,0.00196446,99.971,8.84E-03,2.55E-02,9.94E+01,1.96E-03
731,0.00883982,0.0255373,99.3714,0.0019644,99.9715,8.84E-03,2.55E-02,9.93E+01,1.96E-03
732,0.00883973,0.025537,99.3635,0.00196439,99.972,8.84E-03,2.55E-02,9.93E+01,1.96E-03
733,0.00883956,0.0245543,99.3852,0.00196435,99.9725,8.84E-03,2.45E-02,9.94E+01,1.96E-03
734,0.00883982,0.0245551,99.4205,0.0019644,99.973,8.84E-03,2.45E-02,9.94E+01,1.96E-03
735,0.00884,0.0255378,99.4519,0.00196444,99.9735,8.84E-03,2.55E-02,9.94E+01,1.96E-03
736,0.0098227,0.0245568,99.4892,0.00196454,99.974,9.82E-03,2.46E-02,9.95E+01,1.96E-03
737,0.0098228,0.0255393,99.5157,0.00196456,99.9735,9.82E-03,2.55E-02,9.95E+01,1.96E-03
738,0.0108049,0.0255388,99.5275,0.00196452,99.973,1.08E-02,2.55E-02,9.95E+01,1.96E-03
739,0.0108036,0.0245536,99.5295,0.00196429,99.972,1.08E-02,2.45E-02,9.95E+01,1.96E-03
740,0.00982106,0.01866,99.5502,0.00196421,99.971,9.82E-03,1.87E-02,9.95E+01,1.96E-03
741,0.00883765,0.0108016,99.5414,0.00196392,99.9705,8.84E-03,1.08E-02,9.95E+01,1.96E-03
742,0.00981836,0.011782,99.5209,0.00196367,99.97,9.82E-03,1.18E-02,9.95E+01,1.96E-03
743,0.0117813,0.0137449,99.515,0.00196356,99.97,1.18E-02,1.37E-02,9.95E+01,1.96E-03
744,0.013746,0.0166915,99.5287,0.00196371,99.97,1.37E-02,1.67E-02,9.95E+01,1.96E-03
745,0.0166932,0.020621,99.5493,0.0019639,99.97,1.67E-02,2.06E-02,9.95E+01,1.96E-03
746,0.0196369,0.025528,99.5474,0.00196369,99.97,1.96E-02,2.55E-02,9.95E+01,1.96E-03
747,0.024543,0.0343602,99.5553,0.00196344,99.969,2.45E-02,3.43E-02,9.95E+01,1.96E-03
748,0.0304363,0.0471272,99.5798,0.00196363,99.968,3.04E-02,4.71E-02,9.95E+01,1.96E-03
749,0.037309,0.0608726,99.5916,0.00294545,99.967,3.73E-02,6.09E-02,9.96E+01,2.94E-03
750,0.04614,0.0697008,99.5749,0.0029451,99.966,4.61E-02,6.97E-02,9.95E+01,2.94E-03
751,0.054972,0.068715,99.5661,0.00294493,99.9645,5.50E-02,6.87E-02,9.95E+01,2.94E-03
752,0.0638012,0.0579118,99.5475,0.00294467,99.963,6.38E-02,5.79E-02,9.95E+01,2.94E-03
753,0.0726352,0.04417,99.5328,0.00294467,99.9625,7.26E-02,4.42E-02,9.95E+01,2.94E-03
754,0.080494,0.0333755,99.5219,0.0029449,99.962,8.05E-02,3.34E-02,9.95E+01,2.94E-03
755,0.0863897,0.0255242,99.5091,0.0029451,99.961,8.64E-02,2.55E-02,9.95E+01,2.94E-03
756,0.0903059,0.0196317,99.4906,0.00294476,99.96,9.03E-02,1.96E-02,9.95E+01,2.94E-03
757,0.0932369,0.0166845,99.4818,0.00294432,99.959,9.32E-02,1.67E-02,9.94E+01,2.94E-03
758,0.0952026,0.0137406,99.4906,0.00294441,99.958,9.52E-02,1.37E-02,9.94E+01,2.94E-03
759,0.0961897,0.0127599,99.5073,0.00294458,99.956,9.61E-02,1.28E-02,9.95E+01,2.94E-03
760,0.0961935,0.0117788,99.5288,0.00392626,99.954,9.61E-02,1.18E-02,9.95E+01,3.92E-03
761,0.0961963,0.0107975,99.5485,0.00392638,99.951,9.61E-02,1.08E-02,9.95E+01,3.92E-03
762,0.095211,0.00981557,99.5691,0.00490778,99.948,9.52E-02,9.81E-03,9.95E+01,4.91E-03
763,0.0932424,0.00981499,99.5809,0.00490749,99.945,9.32E-02,9.81E-03,9.95E+01,4.90E-03
764,0.0902926,0.00981441,99.5907,0.00588865,99.942,9.02E-02,9.81E-03,9.95E+01,5.89E-03
765,0.0863541,0.00883167,99.5937,0.00686908,99.9395,8.63E-02,8.83E-03,9.95E+01,6.86E-03
766,0.0824232,0.00883106,99.5908,0.00784983,99.937,8.24E-02,8.83E-03,9.95E+01,7.84E-03
767,0.0775224,0.00981297,99.5986,0.00981297,99.9345,7.75E-02,9.81E-03,9.95E+01,9.81E-03
768,0.0716417,0.00981393,99.6025,0.0127581,99.932,7.16E-02,9.81E-03,9.95E+01,1.27E-02
769,0.0657514,0.010795,99.5937,0.0157018,99.9285,6.57E-02,1.08E-02,9.95E+01,1.57E-02
770,0.0598603,0.0107945,99.5849,0.0196263,99.925,5.98E-02,1.08E-02,9.95E+01,1.96E-02
771,0.0539782,0.0117771,99.5927,0.0225727,99.92,5.39E-02,1.18E-02,9.95E+01,2.26E-02
772,0.0490711,0.0117771,99.5937,0.025517,99.915,4.90E-02,1.18E-02,9.95E+01,2.55E-02
773,0.0431843,0.012759,99.5976,0.0284623,99.909,4.31E-02,1.27E-02,9.95E+01,2.84E-02
774,0.0392561,0.0137396,99.5927,0.0294421,99.903,3.92E-02,1.37E-02,9.95E+01,2.94E-02
775,0.0343461,0.0137384,99.5937,0.0304208,99.8965,3.43E-02,1.37E-02,9.95E+01,3.04E-02
776,0.0314006,0.014719,99.5849,0.029438,99.89,3.14E-02,1.47E-02,9.95E+01,2.94E-02
777,0.0274785,0.015702,99.5819,0.0274785,99.883,2.74E-02,1.57E-02,9.95E+01,2.74E-02
778,0.025519,0.0166855,99.5838,0.0265005,99.876,2.55E-02,1.67E-02,9.95E+01,2.65E-02
779,0.0225734,0.0166847,99.5682,0.0245363,99.869,2.25E-02,1.67E-02,9.94E+01,2.45E-02
780,0.0206111,0.0157037,99.5574,0.0235555,99.862,2.06E-02,1.57E-02,9.94E+01,2.35E-02
781,0.018645,0.0137384,99.5211,0.0225703,99.854,1.86E-02,1.37E-02,9.94E+01,2.25E-02
782,0.0176625,0.011775,99.4947,0.0215875,99.846,1.76E-02,1.18E-02,9.93E+01,2.16E-02
783,0.0157011,0.0107945,99.5005,0.0206076,99.8365,1.57E-02,1.08E-02,9.93E+01,2.06E-02
784,0.0147212,0.00883271,99.4995,0.0206097,99.827,1.47E-02,8.82E-03,9.93E+01,2.06E-02
785,0.0137392,0.00785099,99.4985,0.0206088,99.816,1.37E-02,7.84E-03,9.93E+01,2.06E-02
786,0.0127585,0.00686995,99.5368,0.0206099,99.805,1.27E-02,6.86E-03,9.93E+01,2.06E-02
787,0.0117778,0.00588888,99.5809,0.0206111,99.793,1.18E-02,5.88E-03,9.94E+01,2.06E-02
788,0.0117791,0.00490798,99.6152,0.0215951,99.781,1.18E-02,4.90E-03,9.94E+01,2.15E-02
789,0.0107975,0.00490798,99.6191,0.0215951,99.769,1.08E-02,4.90E-03,9.94E+01,2.15E-02
790,0.0107978,0.00490807,99.6231,0.0225771,99.757,1.08E-02,4.90E-03,9.94E+01,2.25E-02
791,0.00981547,0.00392619,99.6211,0.0245387,99.745,9.79E-03,3.92E-03,9.94E+01,2.45E-02
792,0.00981528,0.00392611,99.5985,0.0255197,99.733,9.79E-03,3.92E-03,9.93E+01,2.55E-02
793,0.00981653,0.00392661,99.5769,0.0274863,99.7205,9.79E-03,3.92E-03,9.93E+01,2.74E-02
794,0.00883496,0.00392665,99.5465,0.0294499,99.708,8.81E-03,3.92E-03,9.93E+01,2.94E-02
795,0.00883514,0.00392673,99.5258,0.0314138,99.694,8.81E-03,3.91E-03,9.92E+01,3.13E-02
796,0.0088347,0.0029449,99.5033,0.0353388,99.68,8.81E-03,2.94E-03,9.92E+01,3.52E-02
797,0.00883505,0.00294502,99.5052,0.0392669,99.635,8.80E-03,2.93E-03,9.91E+01,3.91E-02
798,0.00981595,0.00294479,99.5072,0.0431902,99.59,9.78E-03,2.93E-03,9.91E+01,4.30E-02
799,0.00981691,0.00294507,99.5298,0.0481029,99.5285,9.77E-03,2.93E-03,9.91E+01,4.79E-02
800,0.00981817,0.00294545,99.5484,0.0539999,99.467,9.77E-03,2.93E-03,9.90E+01,5.37E-02
801,0.0108019,,99.5542,0.0618654,99.358,1.07E-02,0.00E+00,9.89E+01,6.15E-02
802,0.0108022,,99.5051,0.0716874,99.249,1.07E-02,0.00E+00,9.88E+01,7.11E-02
803,0.0117832,,99.4158,0.0824823,99.229,1.17E-02,0.00E+00,9.86E+01,8.18E-02
804,0.0117827,,99.3038,0.0972075,99.209,1.17E-02,0.00E+00,9.85E+01,9.64E-02
805,0.0127655,,99.1761,0.113908,99.1805,1.27E-02,0.00E+00,9.84E+01,1.13E-01
806,0.0137471,,99.0583,0.136489,99.152,1.36E-02,0.00E+00,9.82E+01,1.35E-01
807,0.0137471,,98.9965,0.163983,99.1215,1.36E-02,0.00E+00,9.81E+01,1.63E-01
808,0.0147293,,99.0259,0.198354,99.091,1.46E-02,0.00E+00,9.81E+01,1.97E-01
809,0.0147316,,99.1613,0.24258,99.06,1.46E-02,0.00E+00,9.82E+01,2.40E-01
810,0.0147342,,99.3144,0.298613,99.029,1.46E-02,0.00E+00,9.84E+01,2.96E-01
811,0.0157176,,99.2652,0.37231,98.992,1.56E-02,0.00E+00,9.83E+01,3.69E-01
812,0.0157186,,98.6482,0.466647,98.955,1.56E-02,0.00E+00,9.76E+01,4.62E-01
813,0.015723,,96.9281,0.593542,98.9065,1.56E-02,0.00E+00,9.59E+01,5.87E-01
814,0.0157247,,93.3229,0.76068,98.858,1.55E-02,0.00E+00,9.23E+01,7.52E-01
815,0.0157248,,87.1912,0.986732,98.8065,1.55E-02,0.00E+00,8.62E+01,9.75E-01
816,0.0157245,,78.3365,1.29334,98.755,1.55E-02,0.00E+00,7.74E+01,1.28E+00
817,0.0157274,,67.3538,1.71724,98.6865,1.55E-02,0.00E+00,6.65E+01,1.69E+00
818,0.0157324,,55.4095,2.30971,98.618,1.55E-02,0.00E+00,5.46E+01,2.28E+00
819,0.0157372,,43.8468,3.14744,98.542,1.55E-02,0.00E+00,4.32E+01,3.10E+00
820,0.0157404,,33.6904,4.34535,98.466,1.55E-02,0.00E+00,3.32E+01,4.28E+00
821,0.0157454,,25.415,6.0728,98.3815,1.55E-02,0.00E+00,2.50E+01,5.97E+00
822,0.0157507,,19.0022,8.5851,98.297,1.55E-02,0.00E+00,1.87E+01,8.44E+00
823,0.0147724,,14.2031,12.2502,98.2105,1.45E-02,0.00E+00,1.39E+01,1.20E+01
824,0.0147776,,10.6852,17.5193,98.124,1.45E-02,0.00E+00,1.05E+01,1.72E+01
825,0.013798,,8.12702,24.8857,98.032,1.35E-02,0.00E+00,7.97E+00,2.44E+01
826,0.0138022,,6.26325,34.68,97.94,1.35E-02,0.00E+00,6.13E+00,3.40E+01
827,0.0128214,,4.89186,46.7616,97.8395,1.25E-02,0.00E+00,4.79E+00,4.58E+01
828,0.0118404,,3.87378,60.2173,97.739,1.16E-02,0.00E+00,3.79E+00,5.89E+01
829,0.0118472,,3.11284,73.3666,97.6545,1.16E-02,0.00E+00,3.04E+00,7.16E+01
830,0.010866,,2.53573,84.3687,97.57,1.06E-02,0.00E+00,2.47E+00,8.23E+01
831,0.00988465,,2.09357,92.1071,97.4895,9.64E-03,0.00E+00,2.04E+00,8.98E+01
832,0.00988953,,1.75045,96.5456,97.409,9.63E-03,0.00E+00,1.71E+00,9.40E+01
833,0.00890622,,1.48239,98.4711,97.329,8.67E-03,0.00E+00,1.44E+00,9.58E+01
834,0.00891116,,1.27033,98.8901,97.249,8.67E-03,0.00E+00,1.24E+00,9.62E+01
835,0.00891822,,1.1009,98.6593,97.1945,8.67E-03,0.00E+00,1.07E+00,9.59E+01
836,0.00892308,,0.964684,98.262,97.14,8.67E-03,0.00E+00,9.37E-01,9.55E+01
837,0.00793556,,0.854065,97.9516,97.0895,7.70E-03,0.00E+00,8.29E-01,9.51E+01
838,0.00793997,,0.764223,97.8304,97.039,7.70E-03,0.00E+00,7.42E-01,9.49E+01
839,0.00794628,,0.690333,97.9439,97.007,7.71E-03,0.00E+00,6.70E-01,9.50E+01
840,0.00795308,,0.628293,98.2026,96.975,7.71E-03,0.00E+00,6.09E-01,9.52E+01
841,0.00795798,,0.576954,98.4979,96.9625,7.72E-03,0.00E+00,5.59E-01,9.55E+01
842,0.00796313,,0.532534,98.7737,96.95,7.72E-03,0.00E+00,5.16E-01,9.58E+01
843,0.00796892,,0.496065,98.9949,96.9465,7.73E-03,0.00E+00,4.81E-01,9.60E+01
844,0.00797321,,0.463443,99.1269,96.943,7.73E-03,0.00E+00,4.49E-01,9.61E+01
845,0.00897621,,0.435845,99.229,96.967,8.70E-03,0.00E+00,4.23E-01,9.62E+01
846,0.00898132,,0.411145,99.2506,96.991,8.71E-03,0.00E+00,3.99E-01,9.63E+01
847,0.00898715,,0.388445,99.2131,97.006,8.72E-03,0.00E+00,3.77E-01,9.62E+01
848,0.00899254,,0.369693,99.1227,97.021,8.72E-03,0.00E+00,3.59E-01,9.62E+01
849,0.00899901,,0.350961,99.0201,97.042,8.73E-03,0.00E+00,3.41E-01,9.61E+01
850,0.00900576,,0.334214,98.9283,97.063,8.74E-03,0.00E+00,3.24E-01,9.60E+01
851,0.00900982,,0.316345,98.8417,97.0795,8.75E-03,0.00E+00,3.07E-01,9.60E+01
852,0.0090137,,0.301458,98.7942,97.096,8.75E-03,0.00E+00,2.93E-01,9.59E+01
853,0.00901785,,0.287569,98.7706,97.1065,8.76E-03,0.00E+00,2.79E-01,9.59E+01
854,0.00902138,,0.272646,98.7731,97.117,8.76E-03,0.00E+00,2.65E-01,9.59E+01
855,0.0090279,,0.260806,98.7943,97.135,8.77E-03,0.00E+00,2.53E-01,9.60E+01
856,0.00803019,,0.248936,98.8708,97.153,7.80E-03,0.00E+00,2.42E-01,9.61E+01
857,0.00803366,,0.239001,98.9446,97.152,7.80E-03,0.00E+00,2.32E-01,9.61E+01
858,0.00803503,,0.231007,98.9534,97.151,7.81E-03,0.00E+00,2.24E-01,9.61E+01
859,0.00803713,,0.224035,98.9511,97.141,7.81E-03,0.00E+00,2.18E-01,9.61E+01
860,0.0080402,,0.219095,98.9759,97.131,7.81E-03,0.00E+00,2.13E-01,9.61E+01
861,0.00804157,,0.216117,98.9415,97.108,7.81E-03,0.00E+00,2.10E-01,9.61E+01
862,0.00804384,,0.215173,98.9161,97.085,7.81E-03,0.00E+00,2.09E-01,9.60E+01
863,0.00804675,,0.217262,98.9026,97.046,7.81E-03,0.00E+00,2.11E-01,9.60E+01
864,0.00805129,,0.219398,98.8577,97.007,7.81E-03,0.00E+00,2.13E-01,9.59E+01
865,0.00805518,,0.222524,98.7786,96.956,7.81E-03,0.00E+00,2.16E-01,9.58E+01
866,0.0080555,,0.227568,98.688,96.905,7.81E-03,0.00E+00,2.21E-01,9.56E+01
867,0.00906454,,0.234671,98.6111,96.839,8.78E-03,0.00E+00,2.27E-01,9.55E+01
868,0.00805761,,0.243743,98.5496,96.773,7.80E-03,0.00E+00,2.36E-01,9.54E+01
869,0.0292162,,0.257909,98.5634,96.6975,2.83E-02,0.00E+00,2.49E-01,9.53E+01
870,0.126975,,0.293252,98.6627,96.622,1.23E-01,0.00E+00,2.83E-01,9.53E+01
871,0.244896,,0.326527,98.7967,96.5365,2.36E-01,0.00E+00,3.15E-01,9.54E+01
872,0.235785,,0.317403,98.7939,96.451,2.27E-01,0.00E+00,3.06E-01,9.53E+01
873,0.231747,,0.301272,98.811,96.344,2.23E-01,0.00E+00,2.90E-01,9.52E+01
874,0.214601,,0.299232,98.8343,96.237,2.07E-01,0.00E+00,2.88E-01,9.51E+01
875,0.209568,,0.287148,98.8927,96.1205,2.01E-01,0.00E+00,2.76E-01,9.51E+01
876,0.210615,,0.288211,98.9741,96.004,2.02E-01,0.00E+00,2.77E-01,9.50E+01
877,0.205566,,0.276104,99.0135,95.872,1.97E-01,0.00E+00,2.65E-01,9.49E+01
878,0.207584,,0.274091,99.0729,95.74,1.99E-01,0.00E+00,2.62E-01,9.49E+01
879,0.208598,,0.259992,99.1344,95.5945,1.99E-01,0.00E+00,2.49E-01,9.48E+01
880,0.212657,,0.268088,99.1917,95.449,2.03E-01,0.00E+00,2.56E-01,9.47E+01
881,0.211676,,0.261068,99.237,95.2905,2.02E-01,0.00E+00,2.49E-01,9.46E+01
882,0.195547,,0.250985,99.2491,95.132,1.86E-01,0.00E+00,2.39E-01,9.44E+01
883,0.205631,,0.251998,99.2541,94.949,1.95E-01,0.00E+00,2.39E-01,9.42E+01
884,0.197549,,0.266086,99.235,94.766,1.87E-01,0.00E+00,2.52E-01,9.40E+01
885,0.193527,,0.270131,99.2229,94.57,1.83E-01,0.00E+00,2.55E-01,9.38E+01
886,0.188512,,0.262102,99.2107,94.374,1.78E-01,0.00E+00,2.47E-01,9.36E+01
887,0.192577,,0.243998,99.2035,94.1615,1.81E-01,0.00E+00,2.30E-01,9.34E+01
888,0.183508,,0.245014,99.1762,93.949,1.72E-01,0.00E+00,2.30E-01,9.32E+01
889,0.183516,,0.251074,99.1399,93.7255,1.72E-01,0.00E+00,2.35E-01,9.29E+01
890,0.180491,,0.245024,99.0935,93.502,1.69E-01,0.00E+00,2.29E-01,9.27E+01
891,0.171421,,0.251081,99.0663,93.2575,1.60E-01,0.00E+00,2.34E-01,9.24E+01
892,0.164366,,0.254112,99.042,93.013,1.53E-01,0.00E+00,2.36E-01,9.21E+01
893,0.160344,,0.246062,99.0289,92.7465,1.49E-01,0.00E+00,2.28E-01,9.18E+01
894,0.156324,,0.237007,99.0167,92.48,1.45E-01,0.00E+00,2.19E-01,9.16E+01
895,0.157341,,0.233994,99.0196,92.195,1.45E-01,0.00E+00,2.16E-01,9.13E+01
896,0.160376,,0.238042,99.0135,91.91,1.47E-01,0.00E+00,2.19E-01,9.10E+01
897,0.166435,,0.233009,99.0327,91.599,1.52E-01,0.00E+00,2.13E-01,9.07E+01
898,0.170469,,0.226956,99.0417,91.288,1.56E-01,0.00E+00,2.07E-01,9.04E+01
899,0.159375,,0.219898,99.07,90.9565,1.45E-01,0.00E+00,2.00E-01,9.01E+01
900,0.154346,,0.219918,99.1143,90.625,1.40E-01,0.00E+00,1.99E-01,8.98E+01
901,0.160389,,,99.1466,90.2645,1.45E-01,0.00E+00,0.00E+00,8.95E+01
902,0.16341,,,99.1819,89.904,1.47E-01,0.00E+00,0.00E+00,8.92E+01
903,0.161411,,,99.2293,89.5075,1.44E-01,0.00E+00,0.00E+00,8.88E+01
904,0.157388,,,99.2807,89.111,1.40E-01,0.00E+00,0.00E+00,8.85E+01
905,0.143272,,,99.324,88.672,1.27E-01,0.00E+00,0.00E+00,8.81E+01
906,0.144256,,,99.3493,88.233,1.27E-01,0.00E+00,0.00E+00,8.77E+01
907,0.149291,,,99.3796,87.751,1.31E-01,0.00E+00,0.00E+00,8.72E+01
908,0.155341,,,99.4039,87.269,1.36E-01,0.00E+00,0.00E+00,8.67E+01
909,0.149275,,,99.4301,86.7365,1.29E-01,0.00E+00,0.00E+00,8.62E+01
910,0.141207,,,99.4614,86.204,1.22E-01,0.00E+00,0.00E+00,8.57E+01
911,0.140189,,,99.4856,85.618,1.20E-01,0.00E+00,0.00E+00,8.52E+01
912,0.144219,,,99.5129,85.032,1.23E-01,0.00E+00,0.00E+00,8.46E+01
913,0.144214,,,99.5351,84.384,1.22E-01,0.00E+00,0.00E+00,8.40E+01
914,0.14521,,,99.5392,83.736,1.22E-01,0.00E+00,0.00E+00,8.34E+01
915,0.144198,,,99.5392,83.0205,1.20E-01,0.00E+00,0.00E+00,8.26E+01
916,0.144195,,,99.5472,82.305,1.19E-01,0.00E+00,0.00E+00,8.19E+01
917,0.137129,,,99.5523,81.5215,1.12E-01,0.00E+00,0.00E+00,8.12E+01
918,0.133105,,,99.5694,80.738,1.07E-01,0.00E+00,0.00E+00,8.04E+01
919,0.134109,,,99.5785,79.8785,1.07E-01,0.00E+00,0.00E+00,7.95E+01
920,0.139151,,,99.5785,79.019,1.10E-01,0.00E+00,0.00E+00,7.87E+01
921,0.129062,,,99.5816,78.0875,1.01E-01,0.00E+00,0.00E+00,7.78E+01
922,0.136126,,,99.5856,77.156,1.05E-01,0.00E+00,0.00E+00,7.68E+01
923,0.127049,,,99.5836,76.1505,9.67E-02,0.00E+00,0.00E+00,7.58E+01
924,0.133099,,,99.5735,75.145,1.00E-01,0.00E+00,0.00E+00,7.48E+01
925,0.131084,,,99.5664,74.0745,9.71E-02,0.00E+00,0.00E+00,7.38E+01
926,0.138145,,,99.5664,73.004,1.01E-01,0.00E+00,0.00E+00,7.27E+01
927,0.128064,,,99.5624,71.878,9.20E-02,0.00E+00,0.00E+00,7.16E+01
928,0.111935,,,99.5674,70.752,7.92E-02,0.00E+00,0.00E+00,7.04E+01
929,0.114966,,,99.5532,69.582,8.00E-02,0.00E+00,0.00E+00,6.93E+01
930,0.125055,,,99.5371,68.412,8.56E-02,0.00E+00,0.00E+00,6.81E+01
931,0.126072,,,99.533,67.211,8.47E-02,0.00E+00,0.00E+00,6.69E+01
932,0.123061,,,99.5229,66.01,8.12E-02,0.00E+00,0.00E+00,6.57E+01
933,0.123066,,,99.5007,64.797,7.97E-02,0.00E+00,0.00E+00,6.45E+01
934,0.11803,,,99.4774,63.584,7.50E-02,0.00E+00,0.00E+00,6.33E+01
935,0.120058,,,99.4532,62.3715,7.49E-02,0.00E+00,0.00E+00,6.20E+01
936,0.112999,,,99.435,61.159,6.91E-02,0.00E+00,0.00E+00,6.08E+01
937,0.110988,,,99.4168,59.9545,6.65E-02,0.00E+00,0.00E+00,5.96E+01
938,0.110996,,,99.3835,58.75,6.52E-02,0.00E+00,0.00E+00,5.84E+01
939,0.10999,,,99.3522,57.577,6.33E-02,0.00E+00,0.00E+00,5.72E+01
940,0.105956,,,99.3239,56.404,5.98E-02,0.00E+00,0.00E+00,5.60E+01
941,0.10293,,,99.2906,55.2695,5.69E-02,0.00E+00,0.00E+00,5.49E+01
942,0.103942,,,99.2532,54.135,5.63E-02,0.00E+00,0.00E+00,5.37E+01
943,0.113037,,,99.2289,53.054,6.00E-02,0.00E+00,0.00E+00,5.26E+01
944,0.112036,,,99.2087,51.973,5.82E-02,0.00E+00,0.00E+00,5.16E+01
945,0.110028,,,99.1945,50.949,5.61E-02,0.00E+00,0.00E+00,5.05E+01
946,0.11205,,,99.1803,49.925,5.59E-02,0.00E+00,0.00E+00,4.95E+01
947,0.107002,,,99.1601,48.9575,5.24E-02,0.00E+00,0.00E+00,4.85E+01
948,0.103973,,,99.141,47.99,4.99E-02,0.00E+00,0.00E+00,4.76E+01
949,0.105996,,,99.1298,47.0775,4.99E-02,0.00E+00,0.00E+00,4.67E+01
950,0.110032,,,99.1268,46.165,5.08E-02,0.00E+00,0.00E+00,4.58E+01
951,0.102965,,,99.1228,45.3005,4.66E-02,0.00E+00,0.00E+00,4.49E+01
952,0.102965,,,99.1258,44.436,4.58E-02,0.00E+00,0.00E+00,4.40E+01
953,0.101957,,,99.1339,43.6115,4.45E-02,0.00E+00,0.00E+00,4.32E+01
954,0.102964,,,99.1379,42.787,4.41E-02,0.00E+00,0.00E+00,4.24E+01
955,0.101957,,,99.152,41.987,4.28E-02,0.00E+00,0.00E+00,4.16E+01
956,0.10801,,,99.1652,41.187,4.45E-02,0.00E+00,0.00E+00,4.08E+01
957,0.101944,,,99.1733,40.3985,4.12E-02,0.00E+00,0.00E+00,4.01E+01
958,0.102953,,,99.1875,39.61,4.08E-02,0.00E+00,0.00E+00,3.93E+01
959,0.100935,,,99.2067,38.82,3.92E-02,0.00E+00,0.00E+00,3.85E+01
960,0.104973,,,99.2309,38.03,3.99E-02,0.00E+00,0.00E+00,3.77E+01
961,0.100933,,,99.246,37.2275,3.76E-02,0.00E+00,0.00E+00,3.69E+01
962,0.0958802,,,99.2693,36.425,3.49E-02,0.00E+00,0.00E+00,3.62E+01
963,0.0938522,,,99.2815,35.6035,3.34E-02,0.00E+00,0.00E+00,3.53E+01
964,0.098893,,,99.2946,34.782,3.44E-02,0.00E+00,0.00E+00,3.45E+01
965,0.104951,,,99.3198,33.935,3.56E-02,0.00E+00,0.00E+00,3.37E+01
966,0.105953,,,99.3391,33.088,3.51E-02,0.00E+00,0.00E+00,3.29E+01
967,0.096867,,,99.3522,32.2125,3.12E-02,0.00E+00,0.00E+00,3.20E+01
968,0.0918199,,,99.3663,31.337,2.88E-02,0.00E+00,0.00E+00,3.11E+01
969,0.089801,,,99.3805,30.4295,2.73E-02,0.00E+00,0.00E+00,3.02E+01
970,0.0877804,,,99.3987,29.522,2.59E-02,0.00E+00,0.00E+00,2.93E+01
971,0.0958483,,,99.3977,28.5955,2.74E-02,0.00E+00,0.00E+00,2.84E+01
972,0.102916,,,99.4067,27.669,2.85E-02,0.00E+00,0.00E+00,2.75E+01
973,0.105942,,,99.4148,26.7255,2.83E-02,0.00E+00,0.00E+00,2.66E+01
974,0.0978681,,,99.4158,25.782,2.52E-02,0.00E+00,0.00E+00,2.56E+01
975,0.0897892,,,99.4098,24.832,2.23E-02,0.00E+00,0.00E+00,2.47E+01
976,0.0877706,,,99.4098,23.882,2.10E-02,0.00E+00,0.00E+00,2.37E+01
977,0.0938172,,,99.3957,22.9365,2.15E-02,0.00E+00,0.00E+00,2.28E+01
978,0.0928102,,,99.3937,21.991,2.04E-02,0.00E+00,0.00E+00,2.19E+01
979,0.0918024,,,99.3967,21.0635,1.93E-02,0.00E+00,0.00E+00,2.09E+01
980,0.092813,,,99.4068,20.136,1.87E-02,0.00E+00,0.00E+00,2.00E+01
981,0.0928158,,,99.4017,19.2405,1.79E-02,0.00E+00,0.00E+00,1.91E+01
982,0.090799,,,99.3947,18.345,1.67E-02,0.00E+00,0.00E+00,1.82E+01
983,0.0887938,,,99.4057,17.4885,1.55E-02,0.00E+00,0.00E+00,1.74E+01
984,0.0857702,,,99.4087,16.632,1.43E-02,0.00E+00,0.00E+00,1.65E+01
985,0.0888019,,,99.4077,15.8305,1.41E-02,0.00E+00,0.00E+00,1.57E+01
986,0.0928374,,,99.4016,15.029,1.40E-02,0.00E+00,0.00E+00,1.49E+01
987,0.0958715,,,99.4096,14.286,1.37E-02,0.00E+00,0.00E+00,1.42E+01
988,0.0928514,,,99.4136,13.543,1.26E-02,0.00E+00,0.00E+00,1.35E+01
989,0.0857927,,,99.4217,12.872,1.10E-02,0.00E+00,0.00E+00,1.28E+01
990,0.0797408,,,99.4247,12.201,9.73E-03,0.00E+00,0.00E+00,1.21E+01
991,0.0847885,,,99.4247,11.6045,9.84E-03,0.00E+00,0.00E+00,1.15E+01
992,0.0898391,,,99.4337,11.008,9.89E-03,0.00E+00,0.00E+00,1.09E+01
993,0.0898454,,,99.4387,10.4875,9.42E-03,0.00E+00,0.00E+00,1.04E+01
994,0.0908614,,,99.4548,9.967,9.06E-03,0.00E+00,0.00E+00,9.91E+00
995,0.0959179,,,99.4699,9.5235,9.13E-03,0.00E+00,0.00E+00,9.47E+00
996,0.0908724,,,99.478,9.08,8.25E-03,0.00E+00,0.00E+00,9.03E+00
997,0.0848125,,,99.482,8.7095,7.39E-03,0.00E+00,0.00E+00,8.66E+00
998,0.0898672,,,99.4901,8.339,7.49E-03,0.00E+00,0.00E+00,8.30E+00
999,0.0848211,,,99.4951,8.0365,6.82E-03,0.00E+00,0.00E+00,8.00E+00
1000,0.0898772,,,99.5052,7.734,6.95E-03,0.00E+00,0.00E+00,7.70E+00